Model,mAP_50-95,mAP_50,mAP_75,AP_Medium,AP_Large
zero-shot SAM3,0.8073257803916931,0.9361121654510498,0.883846640586853,0.03744096681475639,0.8112937808036804
