{
    "Model": "sam3_zero_shot",
    "mAP_50-95": 0.8326090674264551,
    "mAP_50": 0.9595244501440169,
    "mAP_75": 0.9159838712611569,
    "AP_Medium": 0.3084835122462705,
    "AP_Large": 0.8388347772892221
}