{
    "Model": "sam3_zero_shot",
    "mAP_50-95": 0.8034327828587473,
    "mAP_50": 0.9527933112641235,
    "mAP_75": 0.8904265052628185,
    "AP_Medium": 0.30665370271714665,
    "AP_Large": 0.8269264914301439
}