{
    "Model": "yolov8n_baseline",
    "mAP_50-95": 0.8835242696434219,
    "mAP_50": 0.9896244055568852,
    "mAP_75": 0.9574872556180863,
    "AP_Medium": 0.6778463251245648,
    "AP_Large": 0.8950746495184587
}