{
    "Model": "yolov8n_sam3trained",
    "mAP_50-95": 0.7623330114691593,
    "mAP_50": 0.9430567728119433,
    "mAP_75": 0.8621700771230785,
    "AP_Medium": 0.3544598292959744,
    "AP_Large": 0.7808415638359013
}