{
    "Model": "yolov8m_baseline",
    "mAP_50-95": 0.9178686306476315,
    "mAP_50": 0.9899222158165274,
    "mAP_75": 0.9784852763737467,
    "AP_Medium": 0.7535819837992017,
    "AP_Large": 0.9251486516086149
}