{
    "Model": "yolov8s_sam3trained",
    "mAP_50-95": 0.7877931403254735,
    "mAP_50": 0.9513585545086441,
    "mAP_75": 0.8836562952080302,
    "AP_Medium": 0.38044007926463147,
    "AP_Large": 0.8065626944443605
}