{
    "Model": "yolov8m_sam3trained",
    "mAP_50-95": 0.79094628140559,
    "mAP_50": 0.9482352016470561,
    "mAP_75": 0.8873636879356077,
    "AP_Medium": 0.3629806592559277,
    "AP_Large": 0.8085352021954045
}