{
    "Model": "yolov8s_baseline",
    "mAP_50-95": 0.9061758917985754,
    "mAP_50": 0.9899122496634786,
    "mAP_75": 0.9689670897380973,
    "AP_Medium": 0.7233807548692842,
    "AP_Large": 0.9158737774898698
}