{
    "Model": "sam3_zero_shot",
    "mAP_50-95": 0.8073668747030155,
    "mAP_50": 0.9361056045911118,
    "mAP_75": 0.8838341821431838,
    "AP_Medium": 0.26919733105609744,
    "AP_Large": 0.8237862272862886
}