{
    "Model": "sam3_zero_shot",
    "mAP_50-95": 0.7632779042442003,
    "mAP_50": 0.9359407200705967,
    "mAP_75": 0.8733176816224425,
    "AP_Medium": 0.23571335674291458,
    "AP_Large": 0.780552113772401
}