{
    "Model": "yolov8n_sam3trained",
    "mAP_50-95": 0.7668495666819858,
    "mAP_50": 0.9330681866745592,
    "mAP_75": 0.8640332447262074,
    "AP_Medium": 0.2776470976420961,
    "AP_Large": 0.7814564810100924
}