{
    "Model": "yolov8s_sam3trained",
    "mAP_50-95": 0.786663505819989,
    "mAP_50": 0.9353875542453639,
    "mAP_75": 0.8765373611202079,
    "AP_Medium": 0.32083046689273126,
    "AP_Large": 0.8007530733254973
}