{
    "Model": "yolov8m_sam3trained",
    "mAP_50-95": 0.7935465726045984,
    "mAP_50": 0.9356166048537474,
    "mAP_75": 0.8824135800942279,
    "AP_Medium": 0.3064845261905886,
    "AP_Large": 0.8082082694395311
}