{
    "Model": "yolov8s_baseline",
    "mAP_50-95": 0.9061802707197222,
    "mAP_50": 0.9897675973878354,
    "mAP_75": 0.9688420841293864,
    "AP_Medium": 0.7213022098868722,
    "AP_Large": 0.9142400133018138
}