{
    "Model": "yolov8m_baseline",
    "mAP_50-95": 0.917454019186433,
    "mAP_50": 0.9898124653190538,
    "mAP_75": 0.9775821813062758,
    "AP_Medium": 0.7518957248526972,
    "AP_Large": 0.9245239048827769
}