{
    "Model": "yolov8n_baseline",
    "mAP_50-95": 0.8814866829154906,
    "mAP_50": 0.9894132184954113,
    "mAP_75": 0.9574861997133494,
    "AP_Medium": 0.6752203578942594,
    "AP_Large": 0.8897684000839835
}